,trace_length,rep_3,rep_4,rep_5,hedging_formal,hedging_reasoning,hedging_combined,connector_density,trace_divergence
trace_length,1.0,0.387,0.379,0.381,-0.06,-0.067,-0.066,-0.04,0.035
rep_3,0.387,1.0,0.985,0.954,-0.184,0.079,-0.175,0.434,-0.217
rep_4,0.379,0.985,1.0,0.989,-0.171,0.087,-0.161,0.405,-0.184
rep_5,0.381,0.954,0.989,1.0,-0.156,0.087,-0.146,0.375,-0.153
hedging_formal,-0.06,-0.184,-0.171,-0.156,1.0,-0.013,0.995,-0.182,0.15
hedging_reasoning,-0.067,0.079,0.087,0.087,-0.013,1.0,0.091,0.06,0.062
hedging_combined,-0.066,-0.175,-0.161,-0.146,0.995,0.091,1.0,-0.175,0.155
connector_density,-0.04,0.434,0.405,0.375,-0.182,0.06,-0.175,1.0,-0.17
trace_divergence,0.035,-0.217,-0.184,-0.153,0.15,0.062,0.155,-0.17,1.0
