dataset,model,feature,n,auroc_full,auroc_without,delta_auroc,ci_low,ci_high
medqa,qwen3-4b,trace_length,740,0.78,0.7803,-0.0003,-0.0093,0.0085
medqa,qwen3-4b,rep_5,740,0.78,0.7652,0.0148,0.0004,0.0294
medqa,qwen3-4b,hedging_formal,740,0.78,0.7634,0.0165,0.0007,0.0326
medqa,qwen3-4b,hedging_reasoning,740,0.78,0.7767,0.0033,-0.0049,0.0126
medqa,qwen3-4b,connector_density,740,0.78,0.778,0.0019,-0.003,0.0068
medqa,qwen3-4b,trace_divergence,740,0.78,0.7802,-0.0003,-0.0022,0.0021
mmlu_pro,qwen3-4b,trace_length,730,0.8168,0.8197,-0.0029,-0.0064,0.0001
mmlu_pro,qwen3-4b,rep_5,730,0.8168,0.7518,0.065,0.0398,0.0901
mmlu_pro,qwen3-4b,hedging_formal,730,0.8168,0.8084,0.0084,-0.0083,0.0239
mmlu_pro,qwen3-4b,hedging_reasoning,730,0.8168,0.8175,-0.0007,-0.003,0.0015
mmlu_pro,qwen3-4b,connector_density,730,0.8168,0.8156,0.0012,-0.0027,0.0049
mmlu_pro,qwen3-4b,trace_divergence,730,0.8168,0.814,0.0028,-0.0077,0.0144
trivia_qa,qwen3-4b,trace_length,915,0.8259,0.8277,-0.0018,-0.0068,0.0027
trivia_qa,qwen3-4b,rep_5,915,0.8259,0.8112,0.0147,0.0039,0.0256
trivia_qa,qwen3-4b,hedging_formal,915,0.8259,0.8221,0.0038,-0.0026,0.0104
trivia_qa,qwen3-4b,hedging_reasoning,915,0.8259,0.8266,-0.0007,-0.0022,0.0007
trivia_qa,qwen3-4b,connector_density,915,0.8259,0.8254,0.0006,-0.0032,0.0043
trivia_qa,qwen3-4b,trace_divergence,915,0.8259,0.8104,0.0155,0.0051,0.0266
medqa,r1-distill-llama-8b,trace_length,792,0.6673,0.6542,0.0132,-0.0045,0.0304
medqa,r1-distill-llama-8b,rep_5,792,0.6673,0.6641,0.0033,-0.0051,0.0118
medqa,r1-distill-llama-8b,hedging_formal,792,0.6673,0.6509,0.0165,-0.0004,0.0329
medqa,r1-distill-llama-8b,hedging_reasoning,792,0.6673,0.6701,-0.0027,-0.0118,0.0058
medqa,r1-distill-llama-8b,connector_density,792,0.6673,0.6707,-0.0033,-0.0121,0.0057
medqa,r1-distill-llama-8b,trace_divergence,792,0.6673,0.6652,0.0021,-0.0049,0.0087
mmlu_pro,r1-distill-llama-8b,trace_length,599,0.7036,0.7019,0.0017,-0.0051,0.0083
mmlu_pro,r1-distill-llama-8b,rep_5,599,0.7036,0.6794,0.0242,0.0022,0.0444
mmlu_pro,r1-distill-llama-8b,hedging_formal,599,0.7036,0.6708,0.0328,0.0058,0.0596
mmlu_pro,r1-distill-llama-8b,hedging_reasoning,599,0.7036,0.6977,0.0059,-0.0054,0.0177
mmlu_pro,r1-distill-llama-8b,connector_density,599,0.7036,0.7068,-0.0033,-0.0077,0.0009
mmlu_pro,r1-distill-llama-8b,trace_divergence,599,0.7036,0.6922,0.0114,-0.0028,0.0265
trivia_qa,r1-distill-llama-8b,trace_length,944,0.7332,0.7258,0.0074,-0.0005,0.0156
trivia_qa,r1-distill-llama-8b,rep_5,944,0.7332,0.7361,-0.0029,-0.0081,0.0019
trivia_qa,r1-distill-llama-8b,hedging_formal,944,0.7332,0.7335,-0.0003,-0.0077,0.0067
trivia_qa,r1-distill-llama-8b,hedging_reasoning,944,0.7332,0.7334,-0.0003,-0.0042,0.003
trivia_qa,r1-distill-llama-8b,connector_density,944,0.7332,0.7351,-0.0019,-0.0037,-0.0001
trivia_qa,r1-distill-llama-8b,trace_divergence,944,0.7332,0.6933,0.0399,0.0151,0.0613
trivia_qa,qwq-32b,trace_length,956,0.7582,0.7572,0.0009,-0.0016,0.0036
trivia_qa,qwq-32b,rep_5,956,0.7582,0.7578,0.0004,-0.0081,0.0081
trivia_qa,qwq-32b,hedging_formal,956,0.7582,0.7376,0.0206,0.002,0.0404
trivia_qa,qwq-32b,hedging_reasoning,956,0.7582,0.7587,-0.0005,-0.0019,0.0008
trivia_qa,qwq-32b,connector_density,956,0.7582,0.755,0.0031,-0.0051,0.0108
trivia_qa,qwq-32b,trace_divergence,956,0.7582,0.7407,0.0174,-0.0007,0.0367
medqa,qwen3-4b-nothink,trace_length,926,0.6502,0.6364,0.0138,-0.0074,0.0345
medqa,qwen3-4b-nothink,rep_5,926,0.6502,0.6404,0.0098,-0.0039,0.024
medqa,qwen3-4b-nothink,hedging_formal,926,0.6502,0.6412,0.009,-0.0051,0.0239
medqa,qwen3-4b-nothink,hedging_reasoning,926,0.6502,0.6528,-0.0026,-0.0045,-0.0008
medqa,qwen3-4b-nothink,connector_density,926,0.6502,0.6488,0.0014,-0.0087,0.012
medqa,qwen3-4b-nothink,trace_divergence,926,0.6502,0.618,0.0322,0.0079,0.0542
mmlu_pro,qwen3-4b-nothink,trace_length,908,0.6895,0.6883,0.0012,-0.0097,0.0109
mmlu_pro,qwen3-4b-nothink,rep_5,908,0.6895,0.6827,0.0068,-0.0035,0.018
mmlu_pro,qwen3-4b-nothink,hedging_formal,908,0.6895,0.6617,0.0277,0.0084,0.0486
mmlu_pro,qwen3-4b-nothink,hedging_reasoning,908,0.6895,0.6909,-0.0014,-0.0045,0.0013
mmlu_pro,qwen3-4b-nothink,connector_density,908,0.6895,0.6878,0.0016,-0.0058,0.0094
mmlu_pro,qwen3-4b-nothink,trace_divergence,908,0.6895,0.6624,0.0271,0.0072,0.0484
trivia_qa,qwen3-4b-nothink,trace_length,989,0.8004,0.7985,0.0019,-0.0026,0.0066
trivia_qa,qwen3-4b-nothink,rep_5,989,0.8004,0.8019,-0.0015,-0.0033,0.0002
trivia_qa,qwen3-4b-nothink,hedging_formal,989,0.8004,0.8012,-0.0008,-0.0022,0.0006
trivia_qa,qwen3-4b-nothink,hedging_reasoning,989,0.8004,0.7964,0.004,0.0005,0.0075
trivia_qa,qwen3-4b-nothink,connector_density,989,0.8004,0.8022,-0.0018,-0.0036,-0.0001
trivia_qa,qwen3-4b-nothink,trace_divergence,989,0.8004,0.6628,0.1376,0.1075,0.1688
medqa,llama-3.1-8b-instruct,trace_length,974,0.6584,0.6068,0.0516,0.0211,0.0828
medqa,llama-3.1-8b-instruct,rep_5,974,0.6584,0.6592,-0.0008,-0.0048,0.003
medqa,llama-3.1-8b-instruct,hedging_formal,974,0.6584,0.6495,0.0088,-0.0034,0.0215
medqa,llama-3.1-8b-instruct,hedging_reasoning,974,0.6584,0.6541,0.0042,-0.0037,0.0123
medqa,llama-3.1-8b-instruct,connector_density,974,0.6584,0.6499,0.0085,-0.0034,0.0207
medqa,llama-3.1-8b-instruct,trace_divergence,974,0.6584,0.6377,0.0207,-0.0022,0.0435
mmlu_pro,llama-3.1-8b-instruct,trace_length,731,0.6569,0.646,0.0109,-0.004,0.0243
mmlu_pro,llama-3.1-8b-instruct,rep_5,731,0.6569,0.6577,-0.0008,-0.0045,0.0029
mmlu_pro,llama-3.1-8b-instruct,hedging_formal,731,0.6569,0.6291,0.0278,0.0012,0.0557
mmlu_pro,llama-3.1-8b-instruct,hedging_reasoning,731,0.6569,0.6562,0.0007,-0.0097,0.0101
mmlu_pro,llama-3.1-8b-instruct,connector_density,731,0.6569,0.6455,0.0114,-0.0054,0.0283
mmlu_pro,llama-3.1-8b-instruct,trace_divergence,731,0.6569,0.6338,0.0231,-0.0011,0.0492
trivia_qa,llama-3.1-8b-instruct,trace_length,818,0.6462,0.6332,0.013,0.0009,0.0262
trivia_qa,llama-3.1-8b-instruct,rep_5,818,0.6462,0.6438,0.0024,-0.0037,0.0084
trivia_qa,llama-3.1-8b-instruct,hedging_formal,818,0.6462,0.6474,-0.0012,-0.0095,0.007
trivia_qa,llama-3.1-8b-instruct,hedging_reasoning,818,0.6462,0.6478,-0.0016,-0.0079,0.0041
trivia_qa,llama-3.1-8b-instruct,connector_density,818,0.6462,0.6483,-0.0021,-0.0064,0.0023
trivia_qa,llama-3.1-8b-instruct,trace_divergence,818,0.6462,0.5893,0.0569,0.0143,0.0979
